"id","nombre","laboratorio_asignado_id","created_at","activa","accn"
1,"Puente Cristal",2,"2026-06-12 08:35:05.367925",True,"003"
2,"Cima",2,"2026-06-12 08:18:37.583491",True,"004"
5,"Sambil Maracaibo",2,"2026-06-12 07:55:23.443068",True,"007"
6,"Cabimas Borjas",2,"2026-06-12 08:35:05.366496",True,"175"
7,"Caribe Zulia",2,"2026-06-12 08:35:05.366153",True,"173"
8,"Chinita FDS",2,"2026-06-12 08:35:05.365851",True,"005"
9,"Chinita Plaza",2,"2026-06-12 08:35:05.365572",True,"024"
11,"Galerías Mall",2,"2026-06-12 07:58:46.824252",True,"009"
12,"Gran Bazar",2,"2026-06-12 08:35:05.364993",True,"155"
13,"Lago Mall",2,"2026-06-12 08:35:05.364709",True,"030"
14,"Mall Delicias Plaza",2,"2026-06-12 08:35:05.364421",True,"037"
15,"Mall Paseo San Francisco",2,"2026-06-12 07:55:22.576743",True,"150"
16,"Metrosol",2,"2026-06-12 07:55:18.199058",True,"006"
17,"San Francisco La Coromoto",2,"2026-06-12 08:35:05.363566",True,"129"
18,"Terraza 77",2,"2026-06-12 07:58:31.815454",True,"053"
19,"Traki Cabimas ",2,"2026-06-12 08:35:05.362996",True,"138"
20,"Ciudad Crepuscular",2,"2026-06-12 07:58:42.65951",True,"124"
21,"Las Virtudes",2,"2026-06-12 08:35:05.362377",True,"200"
22,"Metropolis Barquisimeto",2,"2026-06-12 08:35:05.362084",True,"208"
23,"Sambil Barquisimeto Plaza Central",2,"2026-06-12 08:35:05.361795",True,"194"
24,"Sambil Barquisimeto desarrollo",2,"2026-06-12 08:35:05.36145",True,"213"
25,"Sambil Paraguana Las Piedra",2,"2026-06-12 07:55:15.577987",True,"201"
26,"Sambil Paraguana Mar Caribe",2,"2026-06-12 08:35:05.36077",True,"202"
27,"Sambil San Cristobal ",2,"2026-06-12 08:35:05.360431",True,"199"
28,"Traki Cabudare",2,"2026-06-12 08:35:05.360086",True,"180"
29,"Trinitarias",2,"2026-06-12 07:58:39.138386",True,"195"
32,"Sambil Barquisimeto Plaza Norte Nueva",2,"2026-06-12 07:55:14.279053",True,"158"
33,"Sole Tolon",2,"2026-06-12 08:35:05.35906",True,"152"
34,"El Marques",2,"2026-06-12 08:35:05.358648",True,"162"
35,"El Viñedo",2,"2026-06-12 08:35:05.358184",True,"198"
36,"Estacion Central",2,"2026-06-12 08:35:05.357686",True,"116"
37,"Galeria Plaza 1",2,"2026-06-12 08:35:05.357255",True,"052"
38,"Galeria Plaza 2",2,"2026-06-12 08:35:05.356815",True,"156"
39,"Hyper Jumbo",2,"2026-06-12 07:58:40.049508",True,"046"
40,"La Granja",2,"2026-06-12 08:35:05.35593",True,"193"
41,"Las Americas",2,"2026-06-12 07:58:32.633706",True,"157"
42,"Los Aviadores Aeropuerto",2,"2026-06-12 08:35:05.354963",True,"197"
43,"Los Aviadores",2,"2026-06-12 08:35:05.354433",True,"034"
44,"Metropolis Valencia",2,"2026-06-12 08:35:05.353366",True,"015"
45,"Parque Aragua",2,"2026-06-12 08:30:16.179973",True,"002"
47,"Sambil Valencia",2,"2026-06-12 07:58:47.640627",True,"192"
48,"Traki Guacara",2,"2026-06-12 08:30:16.178295",True,"165"
50,"Unicentro",2,"2026-06-12 08:30:16.176571",True,"144"
52,"Alta Vista",2,"2026-06-12 08:30:16.174471",True,"183"
53,"Calle Libertad",2,"2026-06-12 08:30:16.173903",True,"020"
54,"City Place ",2,"2026-06-12 08:30:16.173255",True,"172"
55,"La Vela",2,"2026-06-12 08:30:16.172629",True,"189"
56,"Orinokia Acero",2,"2026-06-12 08:30:16.17192",True,"204"
57,"Orinokia Oro",2,"2026-06-12 08:30:16.171226",True,"206"
58,"Plaza Mayor",2,"2026-06-12 07:58:41.807444",True,"039"
59,"Puente Real",2,"2026-06-12 08:30:16.169889",True,"021"
60,"Sambil Margarita",2,"2026-06-12 08:30:16.169068",True,"190"
61,"San Felix",2,"2026-06-12 08:30:16.167831",True,"170"
62,"Santo Tomé",2,"2026-06-12 07:58:37.768747",True,"184"
63,"Traki Cumana",2,"2026-06-12 08:30:16.166588",True,"143"
64,"Las Olas",2,"2026-06-12 08:30:16.165901",True,"207"
65,"CCCT 1",2,"2026-06-12 07:58:45.176146",True,"121"
66,"Caracas Outlet",2,"2026-06-12 07:58:48.940748",True,"177"
67,"CCCT 2",2,"2026-06-12 08:30:16.163314",True,"145"
68,"Cerro Verde 1",2,"2026-06-12 07:58:43.951245",True,"132"
69,"Cerro Verde 2",2,"2026-06-12 08:30:16.160807",True,"191"
70,"El Tolon",2,"2026-06-12 08:30:16.159345",True,"152"
71,"Expreso Baruta",2,"2026-06-12 08:30:16.158524",True,"166"
72,"Lider",2,"2026-06-12 08:30:16.157734",True,"135"
73,"Millenium",2,"2026-06-12 08:30:16.157038",True,"139"
74,"Paseo El Hatillo",2,"2026-06-12 07:55:19.96757",True,"147"
75,"Petare",2,"2026-06-12 08:30:16.155628",True,"153"
76,"Traki La Trinidad",2,"2026-06-12 08:30:16.154294",True,"176"
77,"FORUM GUATIRE",2,"2026-06-12 08:30:16.153482",True,"210"
78,"FORUM GUARENA",2,"2026-06-12 08:30:16.15278",True,"209"
79,"FORUM LA URBINA",2,"2026-06-12 08:30:16.152252",True,"211"
80,"Bulevar Catia",2,"2026-06-12 08:30:16.151698",True,"164"
81,"Candelaria Center",2,"2026-06-12 08:30:16.151134",True,"114"
82,"Centro Lido ",2,"2026-06-12 08:30:16.150454",True,"185"
83,"El Recreo",2,"2026-06-12 07:58:29.69262",True,"133"
84,"Expreso Chacaito ",2,"2026-06-12 08:30:16.147946",True,"178"
85,"La Cascada",2,"2026-06-12 08:30:16.146799",True,"146"
86,"Los Proceres",2,"2026-06-12 08:30:16.146034",True,"174"
87,"Metro Center Feria",2,"2026-06-12 08:30:16.14521",True,"167"
88,"Metro Center Avenida",2,"2026-06-12 08:30:16.144099",True,"196"
89,"Multiplaza Paraiso",2,"2026-06-12 08:30:16.143025",True,"134"
90,"Sambil Candelaria Andres Bello",2,"2026-06-12 07:58:35.292104",True,"131"
91,"Sambil Candelaria Miranda",2,"2026-06-12 07:55:21.276083",True,"130"
92,"Sambil Chacao Nivel Autopista",2,"2026-06-12 08:30:16.140358",True,"159"
93,"Sambil Chacao Nivel Feria",2,"2026-06-12 07:58:36.651792",True,"123"
94,"Sambil Chacao Nivel Libertador",2,"2026-06-12 07:55:19.086287",True,"188"
95,"San Ignacio",2,"2026-06-12 08:30:16.137619",True,"119"
96,"La Guaira",2,"2026-06-12 08:30:16.130862",True,"205"
97,"DES Metropolis Valencia",2,"2026-06-16 14:06:04.299112",False,NULL
98,"FORUM SAN BERNARDINO",2,"2026-06-18 09:18:23.600429",True,"212"
